"","Date","Year","JulDay","NDVI"
"1",1982.89344262295,1982,327,NA
"2",1983.00273224044,1983,1,NA
"3",1983.02732240437,1983,10,1397
"4",1983.07103825137,1983,26,1442
"5",1984.29508196721,1984,108,1880
"6",1984.33879781421,1984,124,1702
"7",1984.36338797814,1984,133,1664
"8",1984.4262295082,1984,156,1643
"9",1984.45081967213,1984,165,1602
"10",1984.46994535519,1984,172,1639
"11",1984.51366120219,1984,188,1682
"12",1984.84426229508,1984,309,1773
"13",1984.88797814208,1984,325,1780
"14",1984.90710382514,1984,332,1819
"15",1984.97540983607,1984,357,1800.5
"16",1984.99453551913,1984,364,1799
"17",1985.25683060109,1985,94,2063
"18",1985.30054644809,1985,110,1980
"19",1985.56284153005,1985,206,1720
"20",1985.60655737705,1985,222,2007
"21",1985.63114754098,1985,231,NA
"22",1985.65027322404,1985,238,2387
"23",1985.67486338798,1985,247,2343
"24",1985.69398907104,1985,254,2350
"25",1985.71857923497,1985,263,2306
"26",1985.73770491803,1985,270,2092
"27",1985.78142076503,1985,286,2175
"28",1985.80601092896,1985,295,2139
"29",1985.82513661202,1985,302,2213
"30",1985.86885245902,1985,318,2299
"31",1985.89344262295,1985,327,1941
"32",1985.93715846995,1985,343,1874
"33",1986.02732240437,1986,10,1838
"34",1986.04644808743,1986,17,1872
"35",1986.07103825137,1986,26,1790
"36",1986.09016393443,1986,33,NA
"37",1986.13387978142,1986,49,NA
"38",1986.15846994536,1986,58,1752
"39",1986.20218579235,1986,74,1843
"40",1986.22131147541,1986,81,1639
"41",1986.24590163934,1986,90,NA
"42",1986.2650273224,1986,97,1687
"43",1986.28961748634,1986,106,NA
"44",1986.3087431694,1986,113,NA
"45",1986.33333333333,1986,122,NA
"46",1986.37704918033,1986,138,1513
"47",1986.39617486339,1986,145,1692
"48",1986.42076502732,1986,154,1550
"49",1986.43989071038,1986,161,1617
"50",1986.46448087432,1986,170,1557
"51",1986.48360655738,1986,177,1554.5
"52",1986.50819672131,1986,186,1554
"53",1986.52732240437,1986,193,1624
"54",1986.55191256831,1986,202,1863
"55",1986.57103825137,1986,209,2026
"56",1986.5956284153,1986,218,1949
"57",1986.61475409836,1986,225,1908
"58",1986.6393442623,1986,234,2598
"59",1986.65846994536,1986,241,NA
"60",1986.68306010929,1986,250,2193
"61",1986.70218579235,1986,257,2075
"62",1986.72677595628,1986,266,NA
"63",1986.77049180328,1986,282,NA
"64",1986.78961748634,1986,289,2045
"65",1986.81420765027,1986,298,2023
"66",1986.83333333333,1986,305,1868
"67",1986.85792349727,1986,314,NA
"68",1986.87704918033,1986,321,NA
"69",1986.90163934426,1986,330,NA
"70",1986.94535519126,1986,346,1810
"71",1986.96448087432,1986,353,NA
"72",1986.98907103825,1986,362,1644
"73",1987.01092896175,1987,4,1630
"74",1987.03551912568,1987,13,1545
"75",1987.05464480874,1987,20,NA
"76",1987.07923497268,1987,29,1563
"77",1987.09836065574,1987,36,1634
"78",1987.16666666667,1987,61,1441
"79",1987.22950819672,1987,84,NA
"80",1987.25409836066,1987,93,1952
"81",1987.27322404372,1987,100,2042
"82",1987.29781420765,1987,109,NA
"83",1987.31693989071,1987,116,2088
"84",1987.34153005464,1987,125,2030
"85",1987.3606557377,1987,132,1996
"86",1987.38524590164,1987,141,2028
"87",1987.4043715847,1987,148,1802
"88",1987.42896174863,1987,157,1734
"89",1987.44808743169,1987,164,1761
"90",1987.47267759563,1987,173,1605
"91",1987.49180327869,1987,180,1682
"92",1987.51639344262,1987,189,1552
"93",1987.53551912568,1987,196,1714
"94",1987.56010928962,1987,205,1712
"95",1987.57923497268,1987,212,2032
"96",1987.60382513661,1987,221,NA
"97",1987.62295081967,1987,228,2658
"98",1987.64754098361,1987,237,2427
"99",1987.66666666667,1987,244,2859
"100",1987.6912568306,1987,253,2651
"101",1987.71038251366,1987,260,NA
"102",1987.7349726776,1987,269,NA
"103",1987.75409836066,1987,276,2176
"104",1987.77868852459,1987,285,2013
"105",1987.79781420765,1987,292,2001
"106",1987.81967213115,1987,300,1752
"107",1988.04371584699,1988,16,NA
"108",1988.08743169399,1988,32,NA
"109",1988.13114754098,1988,48,1390
"110",1988.17486338798,1988,64,1631
"111",1988.21857923497,1988,80,1526
"112",1988.23770491803,1988,87,1452
"113",1988.26229508197,1988,96,1721
"114",1988.28142076503,1988,103,1755
"115",1988.30601092896,1988,112,1782
"116",1988.32513661202,1988,119,NA
"117",1988.36885245902,1988,135,1656
"118",1988.39344262295,1988,144,1545
"119",1988.41256830601,1988,151,1502
"120",1988.43715846995,1988,160,1523
"121",1988.45628415301,1988,167,1569
"122",1988.4781420765,1988,175,NA
"123",1988.48087431694,1988,176,NA
"124",1988.5,1988,183,1640
"125",1988.5218579235,1988,191,1954
"126",1988.52459016393,1988,192,1761
"127",1988.54371584699,1988,199,2005
"128",1988.54644808743,1988,200,1190
"129",1988.56557377049,1988,207,1924
"130",1988.56830601093,1988,208,1958
"131",1988.58743169399,1988,215,NA
"132",1988.60928961749,1988,223,2525
"133",1988.61202185792,1988,224,2746
"134",1988.63114754098,1988,231,NA
"135",1988.65300546448,1988,239,3128
"136",1988.65573770492,1988,240,3272
"137",1988.67486338798,1988,247,3143
"138",1988.69672131148,1988,255,NA
"139",1988.69945355191,1988,256,NA
"140",1988.71857923497,1988,263,2733
"141",1988.74316939891,1988,272,2424
"142",1988.76229508197,1988,279,2267
"143",1988.7868852459,1988,288,2021
"144",1988.80601092896,1988,295,NA
"145",1988.8306010929,1988,304,NA
"146",1989.15846994536,1989,58,1580
"147",1989.26775956284,1989,98,1588
"148",1989.2868852459,1989,105,1609
"149",1989.31147540984,1989,114,1536
"150",1989.3306010929,1989,121,1530
"151",1989.35519125683,1989,130,1519
"152",1989.37431693989,1989,137,1585
"153",1989.39890710383,1989,146,1438
"154",1989.41803278689,1989,153,1472
"155",1989.43989071038,1989,161,1480
"156",1989.44262295082,1989,162,1403
"157",1989.46174863388,1989,169,1452
"158",1989.46448087432,1989,170,1501
"159",1989.48360655738,1989,177,1482
"160",1989.50546448087,1989,185,1469
"161",1989.50819672131,1989,186,1510
"162",1989.52732240437,1989,193,1600
"163",1989.53005464481,1989,194,1458
"164",1989.54918032787,1989,201,1356
"165",1989.5737704918,1989,210,1859
"166",1989.59289617486,1989,217,NA
"167",1989.6174863388,1989,226,2831
"168",1989.63661202186,1989,233,3302
"169",1989.66120218579,1989,242,3308.5
"170",1989.68032786885,1989,249,2421
"171",1989.70491803279,1989,258,2803
"172",1989.72404371585,1989,265,2557
"173",1989.74863387978,1989,274,2237.5
"174",1989.76775956284,1989,281,2322
"175",1989.79234972678,1989,290,2269
"176",1989.81147540984,1989,297,2221
"177",1990.20765027322,1990,76,1107
"178",1990.23224043716,1990,85,NA
"179",1990.25136612022,1990,92,1270
"180",1990.27595628415,1990,101,1137
"181",1990.29508196721,1990,108,1313
"182",1990.31967213115,1990,117,1285
"183",1990.33879781421,1990,124,1321
"184",1990.36338797814,1990,133,1271
"185",1990.40710382514,1990,149,1224
"186",1990.4262295082,1990,156,1343
"187",1990.46994535519,1990,172,1351
"188",1990.49453551913,1990,181,1486
"189",1990.51366120219,1990,188,1522
"190",1990.64480874317,1990,236,3275
"191",1990.6693989071,1990,245,2468
"192",1990.68852459016,1990,252,2218
"193",1990.75683060109,1990,277,1927
"194",1990.77595628415,1990,284,1966
"195",1990.80054644809,1990,293,1921
"196",1990.81967213115,1990,300,1864
"197",1991.21584699454,1991,79,1444
"198",1991.24043715847,1991,88,1514
"199",1991.25956284153,1991,95,1589
"200",1991.28415300546,1991,104,1659
"201",1991.30327868852,1991,111,1875
"202",1991.32786885246,1991,120,1781
"203",1991.34699453552,1991,127,1774
"204",1991.37158469945,1991,136,1646
"205",1991.39071038251,1991,143,1616
"206",1991.41530054645,1991,152,1654
"207",1991.43442622951,1991,159,1480
"208",1991.45901639344,1991,168,1525
"209",1991.4781420765,1991,175,1501
"210",1991.48087431694,1991,176,1395
"211",1991.50273224044,1991,184,1696
"212",1991.54644808743,1991,200,1538
"213",1991.56557377049,1991,207,1824
"214",1991.59016393443,1991,216,2232.5
"215",1991.60928961749,1991,223,2471
"216",1991.63387978142,1991,232,2378
"217",1991.65300546448,1991,239,2237
"218",1991.67486338798,1991,247,2149
"219",1991.67759562842,1991,248,NA
"220",1991.69672131148,1991,255,NA
"221",1991.72131147541,1991,264,1531
"222",1991.74043715847,1991,271,NA
"223",1991.7650273224,1991,280,2033
"224",1991.78415300546,1991,287,1896
"225",1991.8087431694,1991,296,1765
"226",1991.82786885246,1991,303,1583
"227",1992.09289617486,1992,34,NA
"228",1992.20491803279,1992,75,1689.5
"229",1992.22404371585,1992,82,NA
"230",1992.24863387978,1992,91,1938
"231",1992.29234972678,1992,107,NA
"232",1992.31147540984,1992,114,2434
"233",1992.33606557377,1992,123,NA
"234",1992.35519125683,1992,130,2185
"235",1992.39890710383,1992,146,NA
"236",1992.42076502732,1992,154,2492
"237",1992.42349726776,1992,155,2210
"238",1992.44262295082,1992,162,2216
"239",1992.44535519126,1992,163,2177
"240",1992.46448087432,1992,170,2110
"241",1992.46721311475,1992,171,2098
"242",1992.48633879781,1992,178,2019
"243",1992.50819672131,1992,186,2116
"244",1992.51092896175,1992,187,1928
"245",1992.53005464481,1992,194,2332
"246",1992.55464480874,1992,203,2040
"247",1992.5737704918,1992,210,NA
"248",1992.59836065574,1992,219,2459
"249",1992.6174863388,1992,226,1944
"250",1992.64207650273,1992,235,NA
"251",1992.66120218579,1992,242,NA
"252",1992.68579234973,1992,251,2163
"253",1992.70491803279,1992,258,NA
"254",1992.72950819672,1992,267,2031
"255",1992.74863387978,1992,274,2037
"256",1992.77322404372,1992,283,1824
"257",1992.79234972678,1992,290,1884
"258",1992.81693989071,1992,299,1913
"259",1992.83606557377,1992,306,1775
"260",1992.8606557377,1992,315,1658
"261",1992.87978142077,1992,322,1653
"262",1992.9043715847,1992,331,1564
"263",1992.92349726776,1992,338,NA
"264",1992.94808743169,1992,347,1376
"265",1992.96721311475,1992,354,576
"266",1992.99180327869,1992,363,NA
"267",1993.01092896175,1993,4,1490
"268",1993.03551912568,1993,13,NA
"269",1993.05464480874,1993,20,1745
"270",1993.07923497268,1993,29,1457
"271",1993.09836065574,1993,36,1597
"272",1993.12295081967,1993,45,NA
"273",1993.14207650273,1993,52,1856
"274",1993.16666666667,1993,61,1574
"275",1993.18579234973,1993,68,1960
"276",1993.21038251366,1993,77,NA
"277",1993.22950819672,1993,84,2248
"278",1993.25409836066,1993,93,2088
"279",1993.27322404372,1993,100,2103
"280",1993.29781420765,1993,109,1875
"281",1993.31693989071,1993,116,1880
"282",1993.3606557377,1993,132,1784
"283",1993.4043715847,1993,148,1698
"284",1993.42896174863,1993,157,1805
"285",1993.44808743169,1993,164,1704
"286",1993.47267759563,1993,173,1671
"287",1993.49180327869,1993,180,1558
"288",1993.51639344262,1993,189,1475
"289",1993.53551912568,1993,196,NA
"290",1993.56010928962,1993,205,1506
"291",1993.57923497268,1993,212,1621
"292",1993.60382513661,1993,221,1476
"293",1993.62295081967,1993,228,1644
"294",1993.64754098361,1993,237,1610
"295",1993.66666666667,1993,244,1952
"296",1993.6912568306,1993,253,NA
"297",1993.71038251366,1993,260,1938
"298",1993.7349726776,1993,269,1760
"299",1993.75409836066,1993,276,1792
"300",1993.77868852459,1993,285,1576
"301",1993.79781420765,1993,292,1789
"302",1993.82240437158,1993,301,1581
"303",1993.84153005464,1993,308,1522
"304",1993.86612021858,1993,317,NA
"305",1993.88524590164,1993,324,1532
"306",1993.90983606557,1993,333,1395
"307",1993.92896174863,1993,340,1433
"308",1993.95355191257,1993,349,1408
"309",1993.97267759563,1993,356,1309
"310",1994.01912568306,1994,7,1327
"311",1994.04371584699,1994,16,1371
"312",1994.06284153005,1994,23,1065
"313",1994.08743169399,1994,32,1242
"314",1994.10655737705,1994,39,NA
"315",1994.13114754098,1994,48,1185
"316",1994.15027322404,1994,55,1311
"317",1994.19398907104,1994,71,1265
"318",1994.21857923497,1994,80,1345
"319",1994.23770491803,1994,87,1351
"320",1994.26229508197,1994,96,NA
"321",1994.28142076503,1994,103,1306
"322",1994.30601092896,1994,112,1288
"323",1994.32513661202,1994,119,1280
"324",1994.34972677596,1994,128,NA
"325",1994.36885245902,1994,135,1322
"326",1994.39344262295,1994,144,1344
"327",1994.41256830601,1994,151,1322
"328",1994.43715846995,1994,160,1282
"329",1994.45628415301,1994,167,1347
"330",1994.48087431694,1994,176,1287
"331",1994.5,1994,183,1308
"332",1994.52459016393,1994,192,1226
"333",1994.54371584699,1994,199,1329
"334",1994.58743169399,1994,215,1327
"335",1994.61202185792,1994,224,1371
"336",1994.63114754098,1994,231,NA
"337",1994.65573770492,1994,240,1299
"338",1994.67486338798,1994,247,1478.5
"339",1994.69945355191,1994,256,1745
"340",1994.71857923497,1994,263,NA
"341",1994.74316939891,1994,272,1601
"342",1994.7868852459,1994,288,1456
"343",1994.80601092896,1994,295,1380
"344",1994.8306010929,1994,304,1322.5
"345",1994.84972677596,1994,311,NA
"346",1994.87431693989,1994,320,1302
"347",1994.89344262295,1994,327,NA
"348",1994.91803278689,1994,336,1290
"349",1994.93715846995,1994,343,1453
"350",1994.96174863388,1994,352,1384
"351",1994.98087431694,1994,359,NA
"352",1995.00819672131,1995,3,1476
"353",1995.02732240437,1995,10,NA
"354",1995.05191256831,1995,19,NA
"355",1995.0956284153,1995,35,1758
"356",1995.11475409836,1995,42,2258.5
"357",1995.1393442623,1995,51,2255.5
"358",1995.15846994536,1995,58,2581.5
"359",1995.18306010929,1995,67,2719
"360",1995.20218579235,1995,74,3443.5
"361",1995.22677595628,1995,83,3260
"362",1995.24590163934,1995,90,3566
"363",1995.27049180328,1995,99,3141
"364",1995.28961748634,1995,106,NA
"365",1995.31420765027,1995,115,2430
"366",1995.33333333333,1995,122,2144
"367",1995.35792349727,1995,131,2031
"368",1995.37704918033,1995,138,2102.5
"369",1995.40163934426,1995,147,1971
"370",1995.42076502732,1995,154,2035
"371",1995.44535519126,1995,163,1958
"372",1995.46448087432,1995,170,1904
"373",1995.48907103825,1995,179,1916
"374",1995.50819672131,1995,186,1977
"375",1995.53278688525,1995,195,2025
"376",1995.55191256831,1995,202,2059
"377",1995.57650273224,1995,211,1949
"378",1995.5956284153,1995,218,1991
"379",1995.62021857923,1995,227,NA
"380",1995.6393442623,1995,234,NA
"381",1995.66393442623,1995,243,1995
"382",1995.68306010929,1995,250,1865
"383",1995.70765027322,1995,259,2243
"384",1995.72677595628,1995,266,2422
"385",1995.75136612022,1995,275,2906
"386",1995.77049180328,1995,282,2579
"387",1995.79508196721,1995,291,2473
"388",1995.81420765027,1995,298,2266
"389",1995.83879781421,1995,307,2344
"390",1995.85792349727,1995,314,2171
"391",1995.8825136612,1995,323,2114
"392",1995.90163934426,1995,330,NA
"393",1995.9262295082,1995,339,2030
"394",1995.94535519126,1995,346,1923
"395",1996.03551912568,1996,13,1670
"396",1996.06010928962,1996,22,1835
"397",1996.07923497268,1996,29,1681
"398",1996.10382513661,1996,38,1629
"399",1996.12295081967,1996,45,1607
"400",1996.14754098361,1996,54,NA
"401",1996.16666666667,1996,61,NA
"402",1996.1912568306,1996,70,NA
"403",1996.21038251366,1996,77,1541
"404",1996.2349726776,1996,86,1516
"405",1996.25409836066,1996,93,1461
"406",1996.27868852459,1996,102,1519.5
"407",1996.29781420765,1996,109,1470
"408",1996.32240437158,1996,118,NA
"409",1996.34153005464,1996,125,1436
"410",1996.36612021858,1996,134,1385
"411",1996.38524590164,1996,141,1394
"412",1996.40983606557,1996,150,1430
"413",1996.42896174863,1996,157,1458
"414",1996.45355191257,1996,166,1556
"415",1996.47267759563,1996,173,NA
"416",1996.49726775956,1996,182,1720
"417",1996.51639344262,1996,189,1850
"418",1996.54098360656,1996,198,2547
"419",1996.60382513661,1996,221,NA
"420",1996.62841530055,1996,230,2157
"421",1996.64754098361,1996,237,2292
"422",1996.67213114754,1996,246,NA
"423",1996.6912568306,1996,253,NA
"424",1996.71584699454,1996,262,2243
"425",1996.7349726776,1996,269,2178.5
"426",1996.75956284153,1996,278,2105
"427",1996.77868852459,1996,285,2154
"428",1996.80327868852,1996,294,1697
"429",1996.82240437158,1996,301,NA
"430",1996.86612021858,1996,317,1582
"431",1996.90983606557,1996,333,NA
"432",1996.93442622951,1996,342,1622
"433",1996.95355191257,1996,349,1827
"434",1996.9781420765,1996,358,1650
"435",1996.99726775956,1996,365,NA
"436",1997.0218579235,1997,8,NA
"437",1997.04098360656,1997,15,1723
"438",1997.06557377049,1997,24,1580
"439",1997.08469945355,1997,31,1900
"440",1997.10928961749,1997,40,1873
"441",1997.12841530055,1997,47,NA
"442",1997.15300546448,1997,56,NA
"443",1997.17213114754,1997,63,1715
"444",1997.21584699454,1997,79,2237
"445",1997.24043715847,1997,88,NA
"446",1997.25956284153,1997,95,1940
"447",1997.28415300546,1997,104,1708
"448",1997.30327868852,1997,111,1875
"449",1997.32786885246,1997,120,NA
"450",1997.34699453552,1997,127,1597
"451",1997.37158469945,1997,136,1601
"452",1997.39071038251,1997,143,1764
"453",1997.41530054645,1997,152,1604
"454",1997.43442622951,1997,159,1602
"455",1997.45901639344,1997,168,1742
"456",1997.4781420765,1997,175,1618
"457",1997.50273224044,1997,184,1557
"458",1997.54644808743,1997,200,NA
"459",1997.56557377049,1997,207,1502
"460",1997.63387978142,1997,232,2206
"461",1997.65300546448,1997,239,1995
"462",1997.67759562842,1997,248,1810
"463",1997.69672131148,1997,255,1751
"464",1997.72131147541,1997,264,2012
"465",1997.74043715847,1997,271,1817
"466",1997.7650273224,1997,280,1752
"467",1997.78415300546,1997,287,1601
"468",1997.89617486339,1997,328,1376
"469",1997.91530054645,1997,335,NA
"470",1997.93989071038,1997,344,1382
"471",1997.95901639344,1997,351,1452
"472",1997.98360655738,1997,360,1417
"473",1998.00546448087,1998,2,1508
"474",1998.03005464481,1998,11,1389
"475",1998.04918032787,1998,18,1296
"476",1998.09289617486,1998,34,1517
"477",1998.13661202186,1998,50,1828
"478",1998.16120218579,1998,59,1703
"479",1998.18032786885,1998,66,NA
"480",1998.20491803279,1998,75,NA
"481",1998.22404371585,1998,82,1727
"482",1998.24863387978,1998,91,2186.5
"483",1998.26775956284,1998,98,2101
"484",1998.29234972678,1998,107,1847
"485",1998.31147540984,1998,114,1873
"486",1998.33606557377,1998,123,1726
"487",1998.35519125683,1998,130,1679
"488",1998.37978142077,1998,139,1511
"489",1998.39890710383,1998,146,1660
"490",1998.42349726776,1998,155,1542
"491",1998.44262295082,1998,162,1685
"492",1998.46721311475,1998,171,1536
"493",1998.48633879781,1998,178,1565
"494",1998.51092896175,1998,187,NA
"495",1998.53005464481,1998,194,1800
"496",1998.55464480874,1998,203,1929
"497",1998.5737704918,1998,210,1994
"498",1998.59836065574,1998,219,1894
"499",1998.6174863388,1998,226,1919
"500",1998.64207650273,1998,235,1874
"501",1998.66120218579,1998,242,2063
"502",1998.68579234973,1998,251,1940
"503",1998.72950819672,1998,267,1707
"504",1998.74863387978,1998,274,1603
"505",1998.77322404372,1998,283,1577
"506",1998.81693989071,1998,299,1574
"507",1998.83606557377,1998,306,1638
"508",1998.87978142077,1998,322,1849
"509",1998.9043715847,1998,331,NA
"510",1998.92349726776,1998,338,2243
"511",1998.94808743169,1998,347,2233
"512",1998.96721311475,1998,354,2339
"513",1998.99180327869,1998,363,2154
"514",1999.01366120219,1999,5,2082
"515",1999.03825136612,1999,14,1925
"516",1999.05737704918,1999,21,1798
"517",1999.08196721311,1999,30,1668.5
"518",1999.10109289617,1999,37,1685
"519",1999.12568306011,1999,46,1496
"520",1999.14480874317,1999,53,1217
"521",1999.1693989071,1999,62,1346
"522",1999.18852459016,1999,69,1225
"523",1999.2131147541,1999,78,1350
"524",1999.23224043716,1999,85,NA
"525",1999.25683060109,1999,94,NA
"526",1999.27595628415,1999,101,NA
"527",1999.30054644809,1999,110,1219
"528",1999.31967213115,1999,117,1263
"529",1999.34426229508,1999,126,1202
"530",1999.36338797814,1999,133,NA
"531",1999.38797814208,1999,142,1292
"532",1999.40710382514,1999,149,1304
"533",1999.43169398907,1999,158,1211
"534",1999.45081967213,1999,165,1296
"535",1999.47540983607,1999,174,1469
"536",1999.49453551913,1999,181,1236
"537",1999.51912568306,1999,190,1279
"538",1999.53825136612,1999,197,1508.5
"539",1999.56284153005,1999,206,1788
"540",1999.58196721311,1999,213,NA
"541",1999.60655737705,1999,222,NA
"542",1999.62568306011,1999,229,3532
"543",1999.65027322404,1999,238,NA
"544",1999.6693989071,1999,245,NA
"545",1999.69398907104,1999,254,2740
"546",1999.7131147541,1999,261,2915
"547",1999.73770491803,1999,270,2454
"548",1999.75683060109,1999,277,2294
"549",1999.78142076503,1999,286,2044
"550",1999.82513661202,1999,302,1846
"551",1999.84426229508,1999,309,1802
"552",1999.86885245902,1999,318,1685.5
"553",1999.88797814208,1999,325,1679
"554",1999.91256830601,1999,334,NA
"555",1999.97540983607,1999,357,1504
"556",2000.0218579235,2000,8,1533
"557",2000.06557377049,2000,24,1204
"558",2000.09016393443,2000,33,1405
"559",2000.10928961749,2000,40,1456
"560",2000.13387978142,2000,49,1357
"561",2000.17759562842,2000,65,1426
"562",2000.19672131148,2000,72,1308
"563",2000.22131147541,2000,81,NA
"564",2000.24043715847,2000,88,1360
"565",2000.28415300546,2000,104,1266
"566",2000.3087431694,2000,113,1213
"567",2000.35245901639,2000,129,1165
"568",2000.37158469945,2000,136,1081
"569",2000.39617486339,2000,145,1232
"570",2000.41530054645,2000,152,1241
"571",2000.43989071038,2000,161,1301
"572",2000.45901639344,2000,168,1363
"573",2000.48360655738,2000,177,1237
"574",2000.50273224044,2000,184,1468
"575",2000.52732240437,2000,193,1893.5
"576",2000.54644808743,2000,200,1915
"577",2000.59016393443,2000,216,1672
"578",2000.61475409836,2000,225,1689
"579",2000.63387978142,2000,232,1583
"580",2000.67759562842,2000,248,1634
"581",2000.70218579235,2000,257,1518
"582",2000.74590163934,2000,273,NA
"583",2000.7650273224,2000,280,1394
"584",2000.78961748634,2000,289,1468
"585",2000.8087431694,2000,296,NA
"586",2000.83333333333,2000,305,NA
"587",2000.87704918033,2000,321,1676
"588",2000.89617486339,2000,328,1764
"589",2000.92076502732,2000,337,NA
"590",2000.98360655738,2000,360,2872
"591",2001.00819672131,2001,3,NA
"592",2001.02732240437,2001,10,3208
"593",2001.05191256831,2001,19,2882
"594",2001.07103825137,2001,26,3100
"595",2001.0956284153,2001,35,3140
"596",2001.11475409836,2001,42,3332
"597",2001.1393442623,2001,51,3543.5
"598",2001.15846994536,2001,58,NA
"599",2001.18306010929,2001,67,NA
"600",2001.20218579235,2001,74,3290
"601",2001.22677595628,2001,83,2882
"602",2001.24590163934,2001,90,2709
"603",2001.27049180328,2001,99,2410
"604",2001.28961748634,2001,106,2159
"605",2001.31420765027,2001,115,2041
"606",2001.33333333333,2001,122,1915
"607",2001.35792349727,2001,131,1810
"608",2001.37704918033,2001,138,1833
"609",2001.40163934426,2001,147,1744
"610",2001.44535519126,2001,163,1728
"611",2001.46448087432,2001,170,1699
"612",2001.48907103825,2001,179,1804
"613",2001.50819672131,2001,186,1886
"614",2001.53278688525,2001,195,1733
"615",2001.55191256831,2001,202,NA
"616",2001.57650273224,2001,211,2087
"617",2001.5956284153,2001,218,1949
"618",2001.62021857923,2001,227,NA
"619",2001.6393442623,2001,234,2464.5
"620",2001.66393442623,2001,243,2359
"621",2001.68306010929,2001,250,2183
"622",2001.70765027322,2001,259,2261
"623",2001.72677595628,2001,266,2083
"624",2001.75136612022,2001,275,1973
"625",2001.77049180328,2001,282,1937
"626",2001.79508196721,2001,291,1625
"627",2001.81420765027,2001,298,1648
"628",2001.83879781421,2001,307,1679
"629",2001.85792349727,2001,314,1640
"630",2001.8825136612,2001,323,1537
"631",2001.90163934426,2001,330,NA
"632",2001.9262295082,2001,339,1624
"633",2001.94535519126,2001,346,NA
"634",2001.96994535519,2001,355,1559
"635",2001.98907103825,2001,362,1467
"636",2002.01639344262,2002,6,1477
"637",2002.03551912568,2002,13,1528
"638",2002.06010928962,2002,22,1465
"639",2002.10382513661,2002,38,1423
"640",2002.12295081967,2002,45,1480
"641",2002.14754098361,2002,54,1490
"642",2002.16666666667,2002,61,1512
"643",2002.34153005464,2002,125,1240
"644",2002.36612021858,2002,134,1276
"645",2002.38524590164,2002,141,1292
"646",2002.42896174863,2002,157,1375
"647",2002.45355191257,2002,166,1275
"648",2002.47267759563,2002,173,1314
"649",2002.49726775956,2002,182,1362
"650",2002.51639344262,2002,189,1250
"651",2002.54098360656,2002,198,1187
"652",2002.56010928962,2002,205,1442
"653",2002.58469945355,2002,214,NA
"654",2002.60382513661,2002,221,3166
"655",2002.62841530055,2002,230,3591.5
"656",2002.64754098361,2002,237,3645
"657",2002.67213114754,2002,246,NA
"658",2002.6912568306,2002,253,2963
"659",2002.71584699454,2002,262,2779
"660",2002.7349726776,2002,269,2623
"661",2002.75956284153,2002,278,2179
"662",2002.77868852459,2002,285,2215
"663",2002.80327868852,2002,294,2072
"664",2002.82240437158,2002,301,2056
"665",2002.84699453552,2002,310,1849
"666",2002.86612021858,2002,317,1791
"667",2002.89071038251,2002,326,1653
"668",2002.90983606557,2002,333,NA
"669",2002.93442622951,2002,342,1597
"670",2002.95355191257,2002,349,NA
"671",2002.9781420765,2002,358,1609
"672",2002.99726775956,2002,365,1505
"673",2003.02459016393,2003,9,1263
"674",2003.04371584699,2003,16,1461
"675",2003.06830601093,2003,25,1373
"676",2003.08743169399,2003,32,1335
"677",2003.11202185792,2003,41,1551
"678",2003.13114754098,2003,48,1349
"679",2003.15573770492,2003,57,1631
"680",2003.17486338798,2003,64,1353
"681",2003.19945355191,2003,73,NA
"682",2003.21857923497,2003,80,1388
"683",2003.24316939891,2003,89,1392
"684",2003.26229508197,2003,96,1227
"685",2003.2868852459,2003,105,1308
"686",2003.30601092896,2003,112,1253
"687",2003.3306010929,2003,121,1373
"688",2003.34972677596,2003,128,1197
"689",2003.37431693989,2003,137,1374
"690",2003.39344262295,2003,144,NA
"691",2003.41803278689,2003,153,1266
"692",2003.43715846995,2003,160,NA
"693",2003.46174863388,2003,169,1236
"694",2003.48087431694,2003,176,1350
"695",2003.50546448087,2003,185,1302
"696",2003.52459016393,2003,192,1169
"697",2003.54918032787,2003,201,1293
"698",2003.56830601093,2003,208,1495
"699",2003.59289617486,2003,217,1386
"700",2003.61202185792,2003,224,1459
"701",2003.63661202186,2003,233,1441
"702",2003.68032786885,2003,249,1430
"703",2003.69945355191,2003,256,1394
"704",2003.72404371585,2003,265,NA
"705",2003.74316939891,2003,272,1387
"706",2003.76775956284,2003,281,1139
"707",2003.7868852459,2003,288,1393
"708",2003.81147540984,2003,297,1339
"709",2003.8306010929,2003,304,1251
"710",2003.85519125683,2003,313,1327
"711",2003.87431693989,2003,320,1383
"712",2003.89890710383,2003,329,NA
"713",2003.91803278689,2003,336,NA
"714",2003.94262295082,2003,345,1287
"715",2003.96174863388,2003,352,1334
"716",2003.98633879781,2003,361,1309
"717",2004.00819672131,2004,3,1573
"718",2004.03278688525,2004,12,1370
"719",2004.05191256831,2004,19,1641
"720",2004.07650273224,2004,28,1489
"721",2004.0956284153,2004,35,NA
"722",2004.12021857923,2004,44,1615
"723",2004.1393442623,2004,51,NA
"724",2004.16393442623,2004,60,NA
"725",2004.18306010929,2004,67,1968
"726",2004.20765027322,2004,76,2538
"727",2004.25136612022,2004,92,NA
"728",2004.27049180328,2004,99,1380
"729",2004.29508196721,2004,108,NA
"730",2004.31420765027,2004,115,1616
"731",2004.33879781421,2004,124,1510
"732",2004.35792349727,2004,131,1504
"733",2004.3825136612,2004,140,1472
"734",2004.40163934426,2004,147,1363.5
"735",2004.4262295082,2004,156,1395
"736",2004.44535519126,2004,163,1421
"737",2004.46994535519,2004,172,1446
"738",2004.48907103825,2004,179,1459
"739",2004.51366120219,2004,188,1430
"740",2004.53278688525,2004,195,NA
"741",2004.55737704918,2004,204,NA
"742",2004.57650273224,2004,211,1575
"743",2004.60109289617,2004,220,NA
"744",2004.62021857923,2004,227,NA
"745",2004.64480874317,2004,236,NA
"746",2004.66393442623,2004,243,2670
"747",2004.68852459016,2004,252,2485
"748",2004.70765027322,2004,259,2217
"749",2004.73224043716,2004,268,2253
"750",2004.75136612022,2004,275,2206
"751",2004.77595628415,2004,284,1990
"752",2004.79508196721,2004,291,NA
"753",2004.81967213115,2004,300,1691
"754",2004.83879781421,2004,307,1639
"755",2004.86338797814,2004,316,1619
"756",2004.8825136612,2004,323,1626
"757",2004.90710382514,2004,332,1687
"758",2004.9262295082,2004,339,NA
"759",2004.95081967213,2004,348,1681
"760",2004.96994535519,2004,355,1739
"761",2004.99453551913,2004,364,NA
"762",2005.01366120219,2005,5,NA
"763",2005.03825136612,2005,14,NA
"764",2005.05737704918,2005,21,NA
"765",2005.08196721311,2005,30,2260
"766",2005.10109289617,2005,37,NA
"767",2005.12568306011,2005,46,NA
"768",2005.14480874317,2005,53,2926
"769",2005.1693989071,2005,62,3108
"770",2005.18852459016,2005,69,3309
"771",2005.2131147541,2005,78,NA
"772",2005.23224043716,2005,85,2843
"773",2005.25683060109,2005,94,2310
"774",2005.27595628415,2005,101,2101
"775",2005.30054644809,2005,110,1891
"776",2005.31967213115,2005,117,1916
"777",2005.34426229508,2005,126,1769.5
"778",2005.36338797814,2005,133,1748
"779",2005.38797814208,2005,142,1717.5
"780",2005.40710382514,2005,149,1440
"781",2005.43169398907,2005,158,1620
"782",2005.45081967213,2005,165,1673
"783",2005.47540983607,2005,174,1612
"784",2005.49453551913,2005,181,1662
"785",2005.51912568306,2005,190,1627
"786",2005.53825136612,2005,197,1697
"787",2005.56284153005,2005,206,1772
"788",2005.58196721311,2005,213,1849
"789",2005.60655737705,2005,222,NA
"790",2005.62568306011,2005,229,NA
"791",2005.65027322404,2005,238,2121
"792",2005.6693989071,2005,245,1983
"793",2005.69398907104,2005,254,2450
"794",2005.7131147541,2005,261,2231
"795",2005.73770491803,2005,270,1994
"796",2005.75683060109,2005,277,NA
"797",2005.78142076503,2005,286,1745.5
"798",2005.80054644809,2005,293,1799
"799",2005.82513661202,2005,302,1702
"800",2005.84426229508,2005,309,1668
"801",2005.86885245902,2005,318,1537
"802",2005.88797814208,2005,325,1514
"803",2006.04644808743,2006,17,1292
"804",2006.06557377049,2006,24,934
"805",2006.09016393443,2006,33,1345
"806",2006.10928961749,2006,40,1232
"807",2006.13387978142,2006,49,1252
"808",2006.15300546448,2006,56,1365
"809",2006.17759562842,2006,65,1256
"810",2006.19672131148,2006,72,1223
"811",2006.2650273224,2006,97,NA
"812",2006.28415300546,2006,104,NA
"813",2006.3087431694,2006,113,1205
"814",2006.32786885246,2006,120,1255
"815",2006.35245901639,2006,129,1183
"816",2006.37158469945,2006,136,1014
"817",2006.39617486339,2006,145,1155
"818",2006.41530054645,2006,152,1165
"819",2006.43989071038,2006,161,1335
"820",2006.45901639344,2006,168,1318
"821",2006.48360655738,2006,177,1267
"822",2006.50273224044,2006,184,1201
"823",2006.52732240437,2006,193,1389
"824",2006.54644808743,2006,200,1855
"825",2006.57103825137,2006,209,NA
"826",2006.59016393443,2006,216,NA
"827",2006.61475409836,2006,225,3778
"828",2006.63387978142,2006,232,NA
"829",2006.65846994536,2006,241,NA
"830",2006.67759562842,2006,248,NA
"831",2006.70218579235,2006,257,NA
"832",2006.72131147541,2006,264,4343
"833",2006.74590163934,2006,273,3601
"834",2006.7650273224,2006,280,NA
"835",2006.78961748634,2006,289,2931
"836",2006.8087431694,2006,296,2469
"837",2006.83333333333,2006,305,2544
"838",2006.85245901639,2006,312,2475
"839",2006.87704918033,2006,321,2239
"840",2006.89617486339,2006,328,2228
"841",2006.92076502732,2006,337,1833
"842",2006.93989071038,2006,344,1845
"843",2006.96448087432,2006,353,NA
"844",2006.98360655738,2006,360,1701
"845",2007.01092896175,2007,4,1591
"846",2007.05464480874,2007,20,NA
"847",2007.0737704918,2007,27,1362
"848",2007.09836065574,2007,36,1289
"849",2007.1174863388,2007,43,1378
"850",2007.14207650273,2007,52,1319
"851",2007.16120218579,2007,59,1371
"852",2007.18579234973,2007,68,1352.5
"853",2007.20491803279,2007,75,1380
"854",2007.22950819672,2007,84,1462
"855",2007.24863387978,2007,91,1499
"856",2007.29234972678,2007,107,1533
"857",2007.31693989071,2007,116,1442
"858",2007.33606557377,2007,123,1484
"859",2007.3606557377,2007,132,1515
"860",2007.37978142077,2007,139,1676
"861",2007.4043715847,2007,148,1547
"862",2007.44808743169,2007,164,1617
"863",2007.46721311475,2007,171,1601
"864",2007.49180327869,2007,180,1618
"865",2007.51092896175,2007,187,1693
"866",2007.53551912568,2007,196,1814
"867",2007.55464480874,2007,203,1763
"868",2007.57923497268,2007,212,2281
"869",2007.59836065574,2007,219,NA
"870",2007.62295081967,2007,228,3624
"871",2007.64207650273,2007,235,4250
"872",2007.66666666667,2007,244,3571
"873",2007.68579234973,2007,251,3833
"874",2007.71038251366,2007,260,3260
"875",2007.72950819672,2007,267,2564.5
"876",2007.75409836066,2007,276,2578
"877",2008.06284153005,2008,23,NA
"878",2008.10655737705,2008,39,1343
"879",2008.12568306011,2008,46,NA
"880",2008.15027322404,2008,55,1344
"881",2008.1693989071,2008,62,1477
"882",2008.19398907104,2008,71,1401
"883",2008.2131147541,2008,78,1478
"884",2008.23770491803,2008,87,1405
"885",2008.25683060109,2008,94,1418
"886",2008.28142076503,2008,103,1348
"887",2008.30054644809,2008,110,NA
"888",2008.32513661202,2008,119,1319
"889",2008.34426229508,2008,126,1376
"890",2008.36885245902,2008,135,1263
"891",2008.38797814208,2008,142,1287
"892",2008.41256830601,2008,151,1307
"893",2008.43169398907,2008,158,1352
"894",2008.45628415301,2008,167,1290
"895",2008.47540983607,2008,174,1353
"896",2008.5,2008,183,1387
"897",2008.51912568306,2008,190,NA
"898",2008.54371584699,2008,199,1787
"899",2008.56284153005,2008,206,3086
"900",2008.58743169399,2008,215,3912
"901",2008.60655737705,2008,222,2665
"902",2008.63114754098,2008,231,4407
"903",2008.65027322404,2008,238,NA
"904",2008.67486338798,2008,247,3691
"905",2008.69398907104,2008,254,3310
"906",2008.71857923497,2008,263,2737
"907",2008.73770491803,2008,270,2501
"908",2008.76229508197,2008,279,2255
"909",2008.78142076503,2008,286,2197
"910",2008.80601092896,2008,295,1954
"911",2008.82513661202,2008,302,1900
"912",2008.84972677596,2008,311,1683
"913",2008.86885245902,2008,318,NA
"914",2008.89344262295,2008,327,1592
"915",2008.91256830601,2008,334,1722
"916",2008.93715846995,2008,343,1780
"917",2008.95628415301,2008,350,1490
"918",2008.98087431694,2008,359,1469
"919",2009,2008,366,1361
"920",2009.02459016393,2009,9,1335
"921",2009.04371584699,2009,16,1338
"922",2009.06830601093,2009,25,1369
"923",2009.08743169399,2009,32,1270
"924",2009.11202185792,2009,41,NA
"925",2009.13114754098,2009,48,1289
"926",2009.15573770492,2009,57,1267
"927",2009.17486338798,2009,64,1212
"928",2009.19945355191,2009,73,1193
"929",2009.21857923497,2009,80,NA
"930",2009.24316939891,2009,89,1116
"931",2009.26229508197,2009,96,1194
"932",2009.2868852459,2009,105,1261
"933",2009.30601092896,2009,112,NA
"934",2009.3306010929,2009,121,NA
"935",2009.34972677596,2009,128,1169
"936",2009.37431693989,2009,137,1186
"937",2009.39344262295,2009,144,NA
"938",2009.41803278689,2009,153,1274
"939",2009.43715846995,2009,160,NA
"940",2009.46174863388,2009,169,NA
"941",2009.48087431694,2009,176,1359
"942",2009.50546448087,2009,185,1558
"943",2009.52459016393,2009,192,1653
"944",2009.54918032787,2009,201,1593
"945",2009.56830601093,2009,208,1606
"946",2009.59289617486,2009,217,1536
"947",2009.61202185792,2009,224,1597
"948",2009.63661202186,2009,233,1498
"949",2009.65573770492,2009,240,1659
"950",2009.68032786885,2009,249,1543
"951",2009.69945355191,2009,256,1552
"952",2009.72404371585,2009,265,1505
"953",2009.74316939891,2009,272,1517
"954",2009.76775956284,2009,281,1393
"955",2009.7868852459,2009,288,1470
"956",2009.81147540984,2009,297,1470
"957",2009.8306010929,2009,304,1427
"958",2009.85519125683,2009,313,1408
"959",2009.87431693989,2009,320,1489
"960",2009.89890710383,2009,329,1376
"961",2009.91803278689,2009,336,1484
"962",2009.94262295082,2009,345,1339
"963",2009.96174863388,2009,352,1215
"964",2010.03278688525,2010,12,1468
"965",2010.05191256831,2010,19,NA
"966",2010.07650273224,2010,28,NA
"967",2010.0956284153,2010,35,NA
"968",2010.12021857923,2010,44,1455
"969",2010.1393442623,2010,51,1478
"970",2010.16393442623,2010,60,1524
"971",2010.18306010929,2010,67,NA
"972",2010.20765027322,2010,76,1536
"973",2010.22677595628,2010,83,1831
"974",2010.25136612022,2010,92,2050
"975",2010.27049180328,2010,99,2224
"976",2010.29508196721,2010,108,NA
"977",2010.31420765027,2010,115,2330.5
"978",2010.33879781421,2010,124,2095
"979",2010.35792349727,2010,131,1975
"980",2010.3825136612,2010,140,1869
"981",2010.40163934426,2010,147,1785
"982",2010.4262295082,2010,156,1808.5
"983",2010.44535519126,2010,163,1816
"984",2010.46994535519,2010,172,1788
"985",2010.48907103825,2010,179,NA
"986",2010.51366120219,2010,188,1766
"987",2010.53278688525,2010,195,1798
"988",2010.55737704918,2010,204,1647
"989",2010.57650273224,2010,211,1906
"990",2010.60109289617,2010,220,NA
"991",2010.62021857923,2010,227,1831
"992",2010.64480874317,2010,236,NA
"993",2010.66393442623,2010,243,2157
"994",2010.68852459016,2010,252,2077
"995",2010.70765027322,2010,259,1932
"996",2010.73224043716,2010,268,1860
"997",2010.75136612022,2010,275,1850
"998",2010.79508196721,2010,291,1772
"999",2010.79508196721,2010,291,1772
"1000",2010.79508196721,2010,291,1772
"1001",2010.79508196721,2010,291,1772
"1002",2010.83879781421,2010,307,1614
"1003",2010.83879781421,2010,307,1614
"1004",2010.86338797814,2010,316,1649
"1005",2010.86338797814,2010,316,1649
"1006",2010.8825136612,2010,323,1591
"1007",2010.8825136612,2010,323,1591
"1008",2010.90710382514,2010,332,1634
"1009",2010.90710382514,2010,332,1634
"1010",2010.9262295082,2010,339,1571
"1011",2010.9262295082,2010,339,1571
"1012",2010.95081967213,2010,348,1593.5
"1013",2010.95081967213,2010,348,1593.5
"1014",2010.96994535519,2010,355,1614
"1015",2010.96994535519,2010,355,1614
"1016",2010.99453551913,2010,364,NA
"1017",2010.99453551913,2010,364,NA
"1018",2011.01639344262,2011,6,NA
"1019",2011.04098360656,2011,15,1518
"1020",2011.06010928962,2011,22,1480
"1021",2011.08469945355,2011,31,1454
"1022",2011.10382513661,2011,38,1439
"1023",2011.12841530055,2011,47,1432
"1024",2011.17213114754,2011,63,1419
"1025",2011.1912568306,2011,70,1364
"1026",2011.21584699454,2011,79,1441
"1027",2011.2349726776,2011,86,1409
"1028",2011.25956284153,2011,95,1336
"1029",2011.27868852459,2011,102,1327
"1030",2011.30327868852,2011,111,1341
"1031",2011.32240437158,2011,118,1382
"1032",2011.34699453552,2011,127,1397
"1033",2011.36612021858,2011,134,1381
"1034",2011.39071038251,2011,143,1349
"1035",2011.40983606557,2011,150,1388
"1036",2011.43442622951,2011,159,1380
"1037",2011.45355191257,2011,166,1364
"1038",2011.4781420765,2011,175,1306
"1039",2011.49726775956,2011,182,1376
"1040",2011.5218579235,2011,191,1427
"1041",2011.54098360656,2011,198,1503
"1042",2011.56557377049,2011,207,NA
"1043",2011.58469945355,2011,214,3844
"1044",2011.60928961749,2011,223,2610
"1045",2011.62841530055,2011,230,2821
"1046",2011.65300546448,2011,239,2685
"1047",2011.67213114754,2011,246,2429
"1048",2011.69672131148,2011,255,NA
"1049",2011.71584699454,2011,262,2915
"1050",2011.74043715847,2011,271,2594.5
"1051",2011.75956284153,2011,278,2512
"1052",2011.78415300546,2011,287,2174
"1053",2011.80327868852,2011,294,2086
"1054",2011.82786885246,2011,303,1936
"1055",2011.84699453552,2011,310,1639
"1056",2011.87158469945,2011,319,1811
"1057",2011.89344262295,2011,327,1533
"1058",2011.91256830601,2011,334,1443
"1059",2011.93715846995,2011,343,1401
"1060",2011.95628415301,2011,350,1354.5
"1061",2011.98087431694,2011,359,1392.5
"1062",2012.00273224044,2012,1,1294
"1063",2012.02732240437,2012,10,1300
"1064",2012.04644808743,2012,17,1397.5
"1065",2012.07103825137,2012,26,1305
"1066",2012.09016393443,2012,33,1405
"1067",2012.11475409836,2012,42,1447.5
"1068",2012.13387978142,2012,49,1739
"1069",2012.15846994536,2012,58,1839
"1070",2012.17759562842,2012,65,2033
"1071",2012.20218579235,2012,74,2246
"1072",2012.22131147541,2012,81,2348
"1073",2012.24590163934,2012,90,2038
"1074",2012.2650273224,2012,97,1948.5
"1075",2012.28961748634,2012,106,1725
"1076",2012.3087431694,2012,113,1613
"1077",2012.33333333333,2012,122,1493
"1078",2012.35245901639,2012,129,1421
"1079",2012.37704918033,2012,138,1416
"1080",2012.39617486339,2012,145,1423
"1081",2012.42076502732,2012,154,1428
"1082",2012.43989071038,2012,161,1426
"1083",2012.46448087432,2012,170,1359
"1084",2012.48360655738,2012,177,1373.5
"1085",2012.50819672131,2012,186,1532
"1086",2012.52732240437,2012,193,NA
"1087",2012.55191256831,2012,202,NA
"1088",2012.57103825137,2012,209,2191
"1089",2012.5956284153,2012,218,1737
"1090",2012.61475409836,2012,225,1767
"1091",2012.6393442623,2012,234,1701.5
"1092",2012.65846994536,2012,241,1898.5
"1093",2012.68306010929,2012,250,1745
"1094",2012.70218579235,2012,257,2082
"1095",2012.72677595628,2012,266,1902
"1096",2012.74590163934,2012,273,2150
"1097",2012.77049180328,2012,282,NA
"1098",2012.78961748634,2012,289,NA
"1099",2012.81420765027,2012,298,1531
"1100",2012.83333333333,2012,305,1562
"1101",2012.85792349727,2012,314,NA
"1102",2012.87704918033,2012,321,1264
"1103",2012.90163934426,2012,330,1415
"1104",2012.92076502732,2012,337,1441
"1105",2012.94535519126,2012,346,1399
"1106",2012.96448087432,2012,353,NA
"1107",2012.98907103825,2012,362,1336
"1108",2013.00819672131,2013,3,NA
"1109",2013.03278688525,2013,12,1306
"1110",2013.05191256831,2013,19,1335
"1111",2013.07650273224,2013,28,1224
"1112",2013.0956284153,2013,35,NA
"1113",2013.12021857923,2013,44,1228
"1114",2013.1393442623,2013,51,NA
"1115",2013.16393442623,2013,60,1190
"1116",2013.18306010929,2013,67,NA
"1117",2013.20765027322,2013,76,1179
"1118",2013.22677595628,2013,83,1209
"1119",2013.25136612022,2013,92,1151
"1120",2013.27049180328,2013,99,1006
"1121",2013.29508196721,2013,108,1149.5
"1122",2013.31420765027,2013,115,1272
"1123",2013.33879781421,2013,124,1160
"1124",2013.35792349727,2013,131,1223
"1125",2013.3825136612,2013,140,1142
"1126",2013.40163934426,2013,147,NA
"1127",2013.4262295082,2013,156,1144
"1128",2013.44535519126,2013,163,1222
"1129",2013.46994535519,2013,172,1156
"1130",2013.48907103825,2013,179,1270
"1131",2013.51366120219,2013,188,1193
"1132",2013.53278688525,2013,195,1691
"1133",2013.55737704918,2013,204,2117
"1134",2013.57650273224,2013,211,2513
"1135",2013.60109289617,2013,220,2477
"1136",2013.62021857923,2013,227,2201
"1137",2013.64480874317,2013,236,NA
"1138",2013.66393442623,2013,243,2394.5
"1139",2013.68852459016,2013,252,NA
"1140",2013.70765027322,2013,259,2667
"1141",2013.73224043716,2013,268,2643
"1142",2013.75136612022,2013,275,2539
"1143",2013.77595628415,2013,284,2248.5
"1144",2013.79508196721,2013,291,2099
"1145",2013.81967213115,2013,300,1746.5
"1146",2013.83879781421,2013,307,1607
"1147",2013.86338797814,2013,316,1642
"1148",2013.8825136612,2013,323,1682
"1149",2013.90710382514,2013,332,1555.5
"1150",2013.9262295082,2013,339,NA
"1151",2013.95081967213,2013,348,1502
"1152",2013.96994535519,2013,355,1667
"1153",2013.99453551913,2013,364,1344
"1154",2014.01639344262,2014,6,1398
"1155",2014.04098360656,2014,15,1336
"1156",2014.06010928962,2014,22,1251
"1157",2014.08469945355,2014,31,1330
"1158",2014.10382513661,2014,38,1402
"1159",2014.12841530055,2014,47,1256
"1160",2014.14754098361,2014,54,NA
"1161",2014.17213114754,2014,63,NA
"1162",2014.1912568306,2014,70,1392
"1163",2014.21584699454,2014,79,1318
"1164",2014.2349726776,2014,86,1418
"1165",2014.25956284153,2014,95,1331
"1166",2014.27868852459,2014,102,1235
"1167",2014.30327868852,2014,111,1292
"1168",2014.32240437158,2014,118,1311
"1169",2014.34699453552,2014,127,1268
"1170",2014.36612021858,2014,134,1284
"1171",2014.39071038251,2014,143,NA
"1172",2014.40983606557,2014,150,1272
"1173",2014.43442622951,2014,159,1193
"1174",2014.45355191257,2014,166,1304
"1175",2014.4781420765,2014,175,1282
"1176",2014.49726775956,2014,182,1302
"1177",2014.5218579235,2014,191,1300
"1178",2014.54098360656,2014,198,1759
"1179",2014.56557377049,2014,207,1800
"1180",2014.58469945355,2014,214,NA
"1181",2014.60928961749,2014,223,2970
"1182",2014.62841530055,2014,230,3492
"1183",2014.65300546448,2014,239,4254.5
"1184",2014.67213114754,2014,246,3295
"1185",2014.69672131148,2014,255,2935
"1186",2014.71584699454,2014,262,4272.5
"1187",2014.75956284153,2014,278,2977
"1188",2014.78415300546,2014,287,2882
"1189",2014.80327868852,2014,294,2586
"1190",2014.82786885246,2014,303,2642
"1191",2014.84699453552,2014,310,2550
"1192",2014.87158469945,2014,319,2361
"1193",2014.89071038251,2014,326,2196
"1194",2014.91530054645,2014,335,NA
"1195",2014.93442622951,2014,342,1540
"1196",2014.95901639344,2014,351,1524
"1197",2014.9781420765,2014,358,1596
